factor,reference_family,mean_involvement_share,median_involvement_share,max_involvement_share,observations
evidence,ALL,24.79481152122234,20.690262038525724,59.988140913090476,24
evidence,author,19.280322901277863,18.585723665627448,23.767792454225315,6
evidence,gpt5.2_long,39.22719764122345,35.30973782010459,59.988140913090476,6
evidence,gpt5.2_short,19.076670661786796,17.897826237443056,23.577253745641027,6
evidence,modeler,21.59505488060124,19.324791014531904,33.87340136449116,6
example,ALL,17.482390802895342,16.73415647208347,28.043233585624346,24
example,author,15.981563306541018,16.473523782215857,18.447437236031334,6
example,gpt5.2_long,21.69816671151679,20.146835531265868,28.043233585624346,6
example,gpt5.2_short,16.098780076633826,16.20375615347503,18.447437236031334,6
example,modeler,16.151053116889734,15.847202944229359,19.159351393554203,6
insights,ALL,18.971024091080615,18.618386911726283,27.47104543953055,24
insights,author,17.088854027697277,17.497411146788735,19.763516731186783,6
insights,gpt5.2_long,23.541872338453434,23.43158397360943,27.47104543953055,6
insights,gpt5.2_short,16.684284507311773,17.02519322491821,18.70866975729994,6
insights,modeler,18.569085490859973,17.701641316827853,23.273839818005666,6
role,ALL,22.956920318980163,21.03070163180012,38.394171756575005,24
role,author,23.301807071706225,23.547687391832937,29.646466964300657,6
role,gpt5.2_long,26.713937248023026,25.13705125669265,38.394171756575005,6
role,gpt5.2_short,21.81174707498629,18.46789185008644,32.16189334786857,6
role,modeler,20.000189881205117,17.671229160928156,29.33154529260853,6
summarizer,ALL,72.99223999525437,76.49820470997135,95.25576772357316,18
summarizer,author,68.99006334302551,69.68193037588492,95.25576772357316,6
summarizer,gpt5.2_short,75.08087214368857,79.41899402045277,91.69301230149144,6
summarizer,modeler,74.90578449904906,76.49820470997135,90.66039537903102,6
