factor,level,mean_win_share,metrics_observed,best_metric_count
evidence,plot,0.46939484126984127,6,5
evidence,plot+table,0.310218253968254,6,1
evidence,table,0.22038690476190478,6,0
example,True,0.5318452380952381,6,5
example,False,0.4681547619047619,6,1
insights,False,0.6014550264550265,6,5
insights,True,0.39854497354497354,6,1
role,False,0.6318452380952381,6,6
role,True,0.3681547619047619,6,0
summarizer,bert,0.4500868055555556,6,4
summarizer,bart,0.2877604166666667,6,1
summarizer,t5,0.14453125,6,1
summarizer,longformer_ext,0.11762152777777778,6,0
