factor,reference_family,mean_involvement_share,median_involvement_share,max_involvement_share,observations
evidence,ALL,24.079933908425943,18.69019460845263,64.8324275903994,24
evidence,author,18.06860721018672,17.890937539090697,20.587135683874276,6
evidence,gpt5.2_long,40.28090882459967,35.76089753465184,64.8324275903994,6
evidence,gpt5.2_short,18.21158542756753,17.464190310412434,21.678999783772507,6
evidence,modeler,19.75863417134985,18.50481388602779,27.963015674821587,6
example,ALL,17.753982009287075,16.759135330890437,27.16064360864489,24
example,author,16.622140968596934,16.629896370150007,18.09031827621579,6
example,gpt5.2_long,21.561182613959627,20.12196679823935,27.16064360864489,6
example,gpt5.2_short,16.35261978755757,16.471613897292148,18.09031827621579,6
example,modeler,16.479984667034167,16.271820173887747,18.448844653590918,6
insights,ALL,18.904173185633738,18.231805804715037,27.153550553658505,24
insights,author,17.376373001318616,17.24754205740463,18.741571678514482,6
insights,gpt5.2_long,23.615946132814525,23.394210395863503,27.153550553658505,6
insights,gpt5.2_short,16.774646514441397,16.79567372429711,18.593162918452016,6
insights,modeler,17.84972709396041,17.48626388757208,20.417613503866388,6
role,ALL,20.096854146364986,18.726570821838,34.566806541390925,24
role,author,18.162141692252224,17.671910267135104,20.51757754002078,6
role,gpt5.2_long,25.73578676722379,25.66724563254604,34.566806541390925,6
role,gpt5.2_short,18.940519721862344,17.092343800203082,24.846010237847175,6
role,modeler,17.54896840412159,16.80140142920579,20.358839097666547,6
summarizer,ALL,65.5611128373964,66.5177427809358,94.75551366299112,18
summarizer,author,52.25646774108204,44.028967745432155,94.75551366299112,6
summarizer,gpt5.2_short,75.9286214355056,83.25667651905638,92.64966691491188,6
summarizer,modeler,68.49824933560153,67.84966651044124,90.9519734599416,6
