factor,level,mean_win_share,metrics_observed,best_metric_count
evidence,plot,0.4536375661375662,6,5
evidence,plot+table,0.31868386243386243,6,1
evidence,table,0.22767857142857142,6,0
example,True,0.5301146384479718,6,5
example,False,0.4698853615520282,6,1
insights,False,0.587037037037037,6,5
insights,True,0.412962962962963,6,1
role,False,0.5898809523809524,6,6
role,True,0.41011904761904766,6,0
summarizer,bert,0.44425154320987653,6,4
summarizer,bart,0.2554976851851852,6,1
summarizer,longformer_ext,0.15798611111111113,6,0
summarizer,t5,0.14226466049382716,6,1
