Feature,BLEU,METEOR,R-1,R-2,R-L,Reading ease
Evidence,0.08143982,0.06771827,0.06634774,0.75411829,0.44933309,0.70241408
Evidence_AND_Example,0.09994664,0.24798445,0.40757909,0.96376240,0.62101960,2.39856459
Evidence_AND_Insights,0.08658730,0.08856173,0.06845760,0.79321504,0.68396993,3.40838661
Evidence_AND_LLM,1.54774726,0.12369464,0.08703157,1.42101732,1.55780889,1.13949850
Evidence_AND_Role,0.67096699,0.08229142,0.10493163,1.45608984,0.87787121,0.80855915
Evidence_AND_Summarizer,14.60118948,16.23905186,16.53224159,15.40534059,15.36512277,11.90573095
Example,0.01098296,0.17724929,0.33030220,0.08199859,0.10119982,1.59445782
Example_AND_Insights,0.00000000,0.00000000,0.00000000,0.00000000,0.00000000,0.00000000
Example_AND_LLM,1.32690239,0.21277714,0.35091515,0.48438655,1.04958562,1.94639974
Example_AND_Role,0.00000000,0.00000000,0.00000000,0.00000000,0.00000000,0.00000000
Example_AND_Summarizer,14.19821332,16.31287521,16.29468028,14.41517098,14.28265182,12.69235808
Insights,0.00095547,0.01679273,0.00000290,0.02484459,0.21693039,2.56955544
Insights_AND_Example,0.01260871,0.19505093,0.33361566,0.10814824,0.32460097,4.27325771
Insights_AND_LLM,1.31680094,0.04405452,0.01286384,0.42684874,1.16415059,2.84246605
Insights_AND_Role,0.00000000,0.00000000,0.00000000,0.00000000,0.00000000,0.00000000
Insights_AND_Summarizer,14.10804892,16.22297998,16.06448848,14.55971270,14.56423694,13.20292947
LLM,1.31560748,0.02700066,0.01283692,0.40174927,0.94694151,0.23923295
LLM_AND_Role,0.00000000,0.00000000,0.00000000,0.00000000,0.00000000,0.00000000
LLM_AND_Summarizer,17.77205098,17.20938101,16.75059610,15.29331144,15.24332044,12.65163539
Role,0.58096024,0.01103649,0.02472922,0.62431200,0.40115476,0.03251824
Role_AND_Example,0.59373635,0.18882689,0.35742574,0.71001585,0.53756782,1.63984373
Role_AND_Insights,0.58440482,0.02796534,0.02519379,0.64936950,0.63973530,2.62786084
Role_AND_LLM,2.10794811,0.16673874,0.31002679,2.12836534,1.91410552,0.91349817
Role_AND_Summarizer,15.10621889,16.22714002,16.02948649,15.01292335,15.09639243,11.81071122
Summarizer,13.87668293,16.11082868,15.83624722,14.28529938,13.96230060,10.60012128
