Feature,BLEU,METEOR,R-1,R-2,R-L,Reading ease
Evidence,0.32328514,0.01723332,0.64984846,3.62547645,1.68030104,0.95502388
Evidence_AND_Example,0.55177350,0.19936529,0.93114369,3.88485909,1.85042115,2.88236249
Evidence_AND_Insights,0.36833986,0.02826035,0.70449281,3.93580738,2.65934330,3.50232352
Evidence_AND_Role,0.84007037,0.36268567,1.60846366,7.18621687,7.79969724,1.77800176
Evidence_AND_Summarizer,21.33393377,19.57819667,20.42418584,17.16003108,12.84340770,16.04111973
Example,0.03056266,0.18058061,0.25726794,0.11269084,0.01724036,1.72781601
Example_AND_Insights,0.00000000,0.00000000,0.00000000,0.00000000,0.00000000,0.00000000
Example_AND_Role,0.00000000,0.00000000,0.00000000,0.00000000,0.00000000,0.00000000
Example_AND_Summarizer,19.77665188,19.68104270,18.70651787,13.25307984,10.59956041,15.94989201
Insights,0.00294258,0.00072341,0.02360699,0.29271221,0.96642565,2.15829053
Insights_AND_Example,0.03352565,0.18199129,0.29921214,0.42150769,0.98633331,4.02578156
Insights_AND_Role,0.00000000,0.00000000,0.00000000,0.00000000,0.00000000,0.00000000
Insights_AND_Summarizer,18.79064519,19.44661466,17.87131428,12.60337391,9.45579103,16.18233172
Role,0.13512871,0.31300466,0.73783472,3.09673888,5.85340637,0.65134933
Role_AND_Example,0.17068473,0.49382467,1.00012863,3.22861869,5.89250057,2.37974857
Role_AND_Insights,0.13809853,0.31686675,0.78465287,3.39923669,6.82246240,2.84629402
Role_AND_Summarizer,18.92050179,19.80335859,18.46769868,15.67174870,15.38811176,15.09929037
Summarizer,18.58385565,19.39625138,17.53363141,12.12790168,8.02503523,13.82037450
