factor,reference_family,significant_tests,total_tests,significance_rate
evidence,ALL,16,24,0.6666666666666666
evidence,author,3,6,0.5
evidence,gpt5.2_long,5,6,0.8333333333333334
evidence,gpt5.2_short,3,6,0.5
evidence,modeler,5,6,0.8333333333333334
example,ALL,5,24,0.20833333333333334
example,author,1,6,0.16666666666666666
example,gpt5.2_long,2,6,0.3333333333333333
example,gpt5.2_short,1,6,0.16666666666666666
example,modeler,1,6,0.16666666666666666
insights,ALL,16,24,0.6666666666666666
insights,author,4,6,0.6666666666666666
insights,gpt5.2_long,5,6,0.8333333333333334
insights,gpt5.2_short,4,6,0.6666666666666666
insights,modeler,3,6,0.5
role,ALL,13,24,0.5416666666666666
role,author,3,6,0.5
role,gpt5.2_long,4,6,0.6666666666666666
role,gpt5.2_short,2,6,0.3333333333333333
role,modeler,4,6,0.6666666666666666
summarizer,ALL,18,18,1.0
summarizer,author,6,6,1.0
summarizer,gpt5.2_short,6,6,1.0
summarizer,modeler,6,6,1.0
