factor,level,mean_win_share,metrics_observed,best_metric_count
evidence,plot,0.44781746031746034,6,4
evidence,plot+table,0.3387400793650794,6,2
evidence,table,0.2134424603174603,6,0
example,True,0.5204034391534391,6,5
example,False,0.4795965608465608,6,1
insights,False,0.5945105820105819,6,5
insights,True,0.40548941798941796,6,1
role,False,0.5664021164021165,6,5
role,True,0.4335978835978836,6,1
summarizer,bert,0.36689814814814814,6,2
summarizer,bart,0.31155960648148145,6,3
summarizer,longformer_ext,0.16984953703703706,6,0
summarizer,t5,0.15169270833333334,6,1
