factor,reference_family,mean_involvement_share,median_involvement_share,max_involvement_share,observations
evidence,ALL,25.00557095387627,19.380592221189783,70.73780801722326,24
evidence,author,17.534211432575123,17.52429412109208,18.585494430966722,6
evidence,gpt5.2_long,43.10053782402088,33.443440262247634,70.73780801722326,6
evidence,gpt5.2_short,18.380330665813844,18.206759437715686,20.823800484417784,6
evidence,modeler,21.007203893095213,20.075962194885726,28.806532642029996,6
example,ALL,17.435540096015572,16.628050547208403,21.362807647386717,24
example,author,16.63928930324934,16.68529296915831,17.82163679778011,6
example,gpt5.2_long,20.478969933857044,20.265850716934146,21.362807647386717,6
example,gpt5.2_short,16.179884553311194,16.06104289813116,17.82163679778011,6
example,modeler,16.44401659364472,16.23394104784918,18.05724656284751,6
insights,ALL,19.91186456621396,18.18500718758846,37.505490994503,24
insights,author,17.751647134732526,17.9767002625811,18.678845235497768,6
insights,gpt5.2_long,26.743864129737073,25.751416411921763,37.505490994503,6
insights,gpt5.2_short,17.28548766787627,17.250929540820987,18.607754113343056,6
insights,modeler,17.86645933250998,17.294692118566566,20.145634796685737,6
role,ALL,20.91802377567966,18.529700394915693,39.887437430194936,24
role,author,17.747929754292453,17.522715904057062,20.094857634754625,6
role,gpt5.2_long,29.524243270693535,30.02446707544493,39.887437430194936,6
role,gpt5.2_short,18.338369806073796,16.745304816474807,23.13681782904245,6
role,modeler,18.061552271658865,17.75988393589374,20.225881698850614,6
summarizer,ALL,64.27120980211214,60.7934276117215,98.89431891123502,18
summarizer,author,50.15968742351837,41.86849972982157,98.89431891123502,6
summarizer,gpt5.2_short,75.31812718642118,82.91223420458229,97.97600445143445,6
summarizer,modeler,67.33581479639686,68.71559072115221,91.64877715129441,6
