Feature,BLEU,METEOR,R-1,R-2,R-L,Reading ease
Evidence,7.46391448,9.44080455,19.68753903,22.01164249,18.07707512,2.05778379
Evidence_AND_Example,8.17253072,17.59815744,20.51981663,24.09416064,20.66311473,10.39249539
Evidence_AND_Insights,10.97492867,13.66744893,23.01470441,23.44961449,23.37439080,15.84884860
Evidence_AND_Role,15.33924457,13.01872015,21.76331655,23.36344252,19.56319325,3.36454622
Example,0.16612511,6.83184314,0.02223455,0.13041585,0.00335653,8.19621284
Example_AND_Insights,0.00000000,0.00000000,0.00000000,0.00000000,0.00000000,0.00000000
Example_AND_Role,0.00000000,0.00000000,0.00000000,0.00000000,0.00000000,0.00000000
Insights,2.54459862,4.12667588,2.79483668,0.79509073,4.68491610,13.52138965
Insights_AND_Example,3.14391603,12.62213122,3.18930197,1.12672222,4.69651071,22.00639236
Insights_AND_Role,0.00000000,0.00000000,0.00000000,0.00000000,0.00000000,0.00000000
Role,7.85312999,3.46831426,1.99912359,1.34682191,1.41150250,0.93237000
Role_AND_Example,8.01967041,10.65634682,2.08298981,1.47836873,1.41488248,9.15919417
Role_AND_Insights,10.46446912,8.56955760,4.92613677,2.20372043,6.11105778,14.52076697
