factor,reference_family,mean_involvement_share,median_involvement_share,max_involvement_share,observations
evidence,ALL,34.06984196866745,23.025030819950615,92.91886014138454,24
evidence,author,24.340647183837486,22.821208718319944,30.416337337268295,6
evidence,gpt5.2_long,66.92531045082693,69.12941043129139,92.91886014138454,6
evidence,gpt5.2_short,21.160478308508477,20.754380982585808,23.025030819950615,6
evidence,modeler,23.8529319314969,22.73912862438505,31.682127974590593,6
example,ALL,24.6083514485429,20.716517022142646,49.75429476386739,24
example,author,21.92196911801344,20.530769010639542,27.79946067725212,6
example,gpt5.2_long,33.86472790121877,26.803765943362045,49.75429476386739,6
example,gpt5.2_short,21.365992714335572,20.196714321070992,27.79946067725212,6
example,modeler,21.28071606060381,19.957263044538102,29.017204867895046,6
insights,ALL,28.51382684748636,23.00805297972288,65.89739758053251,24
insights,author,26.39306818684108,24.32797767727227,37.80014520762567,6
insights,gpt5.2_long,40.30651390423811,37.727872261242624,65.89739758053251,6
insights,gpt5.2_short,23.248382015563163,20.34836308635725,37.80014520762567,6
insights,modeler,24.107343283303106,21.247005183400795,38.94700948305275,6
role,ALL,26.015523717040512,24.044493555537034,56.211347761501614,24
role,author,22.869428709983435,21.665860099084302,27.18759283210138,6
role,gpt5.2_long,34.594286715073956,29.636101374637754,56.211347761501614,6
role,gpt5.2_short,23.46474347658084,23.2710659547377,27.18759283210138,6
role,modeler,23.133635966523826,22.869674593034716,25.60878093862344,6
summarizer,ALL,88.7905221533643,96.09696962763743,98.24980111618365,18
summarizer,author,85.81850556085914,87.8939691901721,98.24980111618365,6
summarizer,gpt5.2_short,91.7524386288744,96.72827529936322,97.5284989979562,6
summarizer,modeler,88.80062227035937,95.19123836572777,97.7000272225063,6
