factor,level,mean_win_share,metrics_observed,best_metric_count
evidence,plot,0.42212301587301587,6,4
evidence,plot+table,0.3356150793650794,6,2
evidence,table,0.24226190476190476,6,0
example,True,0.5266534391534391,6,5
example,False,0.47334656084656085,6,1
insights,False,0.5582010582010583,6,5
insights,True,0.4417989417989418,6,1
role,False,0.5059523809523809,6,4
role,True,0.49404761904761907,6,2
summarizer,bert,0.43258101851851855,6,4
summarizer,longformer_ext,0.2387152777777778,6,1
summarizer,bart,0.1909722222222222,6,0
summarizer,t5,0.13773148148148148,6,1
