factor,reference_family,studies_observed,mean_of_mean_involvement_share,mean_of_median_involvement_share,max_of_max_involvement_share
evidence,ALL,7,29.60957250705183,22.010108827045237,97.08151583885952
evidence,author,7,21.147080706109445,20.543204019510757,35.79239087974605
evidence,gpt5.2_long,7,53.97112049716336,53.33753828414431,97.08151583885952
evidence,gpt5.2_short,7,20.483165192199504,20.27784631092911,28.339878742473488
evidence,modeler,7,22.836923632734997,21.969527457167377,40.50112883496715
example,ALL,7,21.07856470265994,18.491591731088334,79.0580904688964
example,author,7,18.896269685822144,18.431017005617544,27.79946067725212
example,gpt5.2_long,7,28.284895170618285,22.97247158846041,79.0580904688964
example,gpt5.2_short,7,18.595006436101563,18.09829007965632,27.79946067725212
example,modeler,7,18.53808751809777,17.902104082030974,29.01720486789505
insights,ALL,7,22.85600607171741,20.300647415062503,68.95633935077021
insights,author,7,20.401469938547205,19.78810232860073,37.80014520762567
insights,gpt5.2_long,7,31.06431763633506,28.925740741210287,68.95633935077021
insights,gpt5.2_short,7,19.488965387498187,18.643517235376386,37.80014520762567
insights,modeler,7,20.46927132448918,19.33613296537921,38.94700948305275
role,ALL,7,24.08663322772878,21.835229304185468,71.05949692002896
role,author,7,22.38280353197268,20.80219859727581,47.12619499537816
role,gpt5.2_long,7,31.447006249595802,30.023907887624542,71.05949692002896
role,gpt5.2_short,7,21.752756335318793,20.455327185308075,38.44753174872468
role,modeler,7,20.76396679402784,19.848749482061212,39.0611531844107
summarizer,ALL,7,77.37471426636706,79.14207522217711,99.2527624524165
summarizer,author,7,70.10687056917969,68.99982305952271,99.2527624524165
summarizer,gpt5.2_short,7,83.4457419495482,87.17633662797809,98.92037066454613
summarizer,modeler,7,78.57153028037331,79.67945698362703,98.8729617050122
