factor,reference_family,studies_observed,mean_significance_rate,median_significance_rate,max_significance_rate
evidence,ALL,7,0.6607142857142857,0.6666666666666666,0.7916666666666666
evidence,author,7,0.5714285714285714,0.6666666666666666,0.8333333333333334
evidence,gpt5.2_long,7,0.9523809523809524,1.0,1.0
evidence,gpt5.2_short,7,0.5,0.5,0.6666666666666666
evidence,modeler,7,0.619047619047619,0.6666666666666666,0.8333333333333334
example,ALL,7,0.29761904761904756,0.3333333333333333,0.4583333333333333
example,author,7,0.3095238095238095,0.3333333333333333,0.5
example,gpt5.2_long,7,0.3095238095238095,0.3333333333333333,0.3333333333333333
example,gpt5.2_short,7,0.35714285714285715,0.5,0.5
example,modeler,7,0.21428571428571425,0.1666666666666666,0.5
insights,ALL,7,0.5892857142857143,0.625,0.7083333333333334
insights,author,7,0.5714285714285714,0.6666666666666666,0.6666666666666666
insights,gpt5.2_long,7,0.8571428571428571,0.8333333333333334,1.0
insights,gpt5.2_short,7,0.4523809523809524,0.5,0.6666666666666666
insights,modeler,7,0.4761904761904762,0.5,0.5
role,ALL,7,0.613095238095238,0.6666666666666666,0.75
role,author,7,0.5952380952380952,0.6666666666666666,0.8333333333333334
role,gpt5.2_long,7,0.7380952380952381,0.6666666666666666,1.0
role,gpt5.2_short,7,0.5714285714285714,0.5,1.0
role,modeler,7,0.5476190476190476,0.6666666666666666,0.6666666666666666
summarizer,ALL,7,1.0,1.0,1.0
summarizer,author,7,1.0,1.0,1.0
summarizer,gpt5.2_short,7,1.0,1.0,1.0
summarizer,modeler,7,1.0,1.0,1.0
