factor,reference_family,mean_involvement_share,median_involvement_share,max_involvement_share,observations
evidence,ALL,28.355200479017483,19.959139684014357,79.77398619689474,24
evidence,author,19.858554149987228,19.807493212982514,24.32211989967071,6
evidence,gpt5.2_long,55.74399257969094,59.25089519342937,79.77398619689474,6
evidence,gpt5.2_short,18.65259865738572,18.410857357906103,20.79354348184722,6
evidence,modeler,19.165656529006043,18.292115709788977,25.64085916536708,6
example,ALL,22.202152502900542,17.35849973041924,74.31169958737219,24
example,author,18.36761817362553,17.35849973041924,24.544881666495836,6
example,gpt5.2_long,34.37851697798185,20.69736243964305,74.31169958737219,6
example,gpt5.2_short,18.31277705662072,17.125694782504507,24.544881666495836,6
example,modeler,17.74969780337406,16.82265307184487,22.815937099363364,6
insights,ALL,21.69547308653938,18.601926500104952,54.80109577767094,24
insights,author,19.503694414658664,17.464644109073845,28.924456119413797,6
insights,gpt5.2_long,29.268882038499726,24.169995708293662,54.80109577767094,6
insights,gpt5.2_short,18.714942117481336,16.578772027527677,28.924456119413797,6
insights,modeler,19.294373775517798,17.953966227590442,27.14605903346192,6
role,ALL,19.893162019733534,18.31251073128019,37.13897310696657,24
role,author,18.210331031509774,17.58875372380125,21.53905021147867,6
role,gpt5.2_long,25.326019993482472,22.66712344578493,37.13897310696657,6
role,gpt5.2_short,18.513487037638875,18.649909190040255,20.58107587373439,6
role,modeler,17.522810016303016,17.687934212483707,18.432317228148786,6
summarizer,ALL,77.88681530190111,77.74404973565638,98.32225674993443,18
summarizer,author,65.01065370700651,67.23832888070872,94.02237058977849,6
summarizer,gpt5.2_short,89.30694520851371,89.31708147510895,98.32225674993443,6
summarizer,modeler,79.34284699018309,77.74404973565638,97.62454291449673,6
