factor,level,mean_win_share,metrics_observed,best_metric_count
evidence,plot,0.4437003968253968,6,5
evidence,plot+table,0.307093253968254,6,0
evidence,table,0.2492063492063492,6,1
example,True,0.5380952380952381,6,5
example,False,0.4619047619047619,6,1
insights,False,0.5651455026455027,6,5
insights,True,0.4348544973544974,6,1
role,False,0.5713955026455027,6,6
role,True,0.42860449735449735,6,0
summarizer,bert,0.5157696759259259,6,5
summarizer,longformer_ext,0.18648726851851852,6,0
summarizer,bart,0.1671730324074074,6,0
summarizer,t5,0.13057002314814814,6,1
