factor,level,mean_win_share,metrics_observed,best_metric_count
evidence,plot,0.46527777777777773,6,5
evidence,plot+table,0.2785714285714286,6,0
evidence,table,0.25615079365079363,6,1
example,True,0.549537037037037,6,5
example,False,0.4504629629629629,6,1
insights,False,0.5720899470899471,6,4
insights,True,0.42791005291005296,6,2
role,False,0.6368386243386244,6,5
role,True,0.36316137566137563,6,1
summarizer,bert,0.5989583333333334,6,5
summarizer,bart,0.1433738425925926,6,0
summarizer,longformer_ext,0.13425925925925927,6,0
summarizer,t5,0.12340856481481481,6,1
