factor,reference_family,mean_involvement_share,median_involvement_share,max_involvement_share,observations
evidence,ALL,36.33705129872365,25.158831375033365,95.95552097129095,24
evidence,author,26.401904251334145,24.73848291769363,35.79239087974605,6
evidence,gpt5.2_long,72.00258854322327,83.79239319940926,95.95552097129095,6
evidence,gpt5.2_short,23.281798931347222,23.264860160172923,26.383101159804223,6
evidence,modeler,23.661913468989955,22.877081034793804,31.94875765195142,6
example,ALL,26.092087656205223,21.047513213822036,79.0580904688964,24
example,author,21.942911371256645,21.047513213822036,26.96560063903118,6
example,gpt5.2_long,39.40821826878673,26.807429925167128,79.0580904688964,6
example,gpt5.2_short,21.716243640621528,20.723338315067153,26.96560063903118,6
example,modeler,21.300977344155992,20.349729299628883,26.222944417911368,6
insights,ALL,24.328578968012817,21.770458640586426,49.705409323467286,24
insights,author,21.892634325124614,20.313547166091034,28.71502134690996,6
insights,gpt5.2_long,31.210485531667896,27.55507012890891,49.705409323467286,6
insights,gpt5.2_short,21.465478581749583,20.0284167682011,28.71502134690996,6
insights,modeler,22.745717433509167,21.562562943888054,28.99837911034487,6
role,ALL,26.831750216826634,25.036834998142623,45.966711912233265,24
role,author,27.566159797606215,22.676731302071666,45.966711912233265,6
role,gpt5.2_long,32.94985841247108,33.32933214335278,41.37647675640589,6
role,gpt5.2_short,24.476530394305126,23.80498111732211,30.56665028268729,6
role,modeler,22.334452262924117,21.463380131367032,25.90431282783787,6
summarizer,ALL,87.67384086947567,92.165325826615,98.87296170501219,18
summarizer,author,83.0356212671137,85.04817821572534,97.90546399319715,6
summarizer,gpt5.2_short,89.48485225023298,90.99407545822794,98.14155465111466,6
summarizer,modeler,90.50104909108033,92.165325826615,98.87296170501219,6
