factor,level,mean_win_share,metrics_observed,best_metric_count
evidence,plot,0.47351190476190474,6,5
evidence,plot+table,0.3418650793650794,6,1
evidence,table,0.18462301587301588,6,0
example,True,0.5141534391534391,6,5
example,False,0.4858465608465608,6,1
insights,False,0.6308201058201058,6,5
insights,True,0.3691798941798942,6,1
role,False,0.6268518518518519,6,5
role,True,0.3731481481481482,6,1
summarizer,bart,0.43214699074074076,6,4
summarizer,bert,0.30121527777777773,6,1
summarizer,t5,0.1656539351851852,6,1
summarizer,longformer_ext,0.1009837962962963,6,0
