factor,reference_family,mean_involvement_share,median_involvement_share,max_involvement_share,observations
evidence,ALL,34.62459741942967,27.166711042150176,97.08151583885953,24
evidence,author,22.54531781356754,22.434287961768984,24.962002694984243,6
evidence,gpt5.2_long,60.51730761655838,56.675993547876026,97.08151583885953,6
evidence,gpt5.2_short,24.618693692986962,25.94604969026775,28.339878742473488,6
evidence,modeler,30.817070554605795,31.972799735758386,40.50112883496715,6
example,ALL,21.97544840277293,20.19726980105211,30.794111982070685,24
example,author,20.798395559472112,20.291623962917804,24.264269734018324,6
example,gpt5.2_long,26.604483787007183,25.96408976461128,30.794111982070685,6
example,gpt5.2_short,20.13874722363053,19.905870190053253,24.264269734018324,6
example,modeler,20.360167040981896,19.832118992238698,24.98948466244552,6
insights,ALL,27.66710175705499,23.688893880993486,68.95633935077021,24
insights,author,22.80401847945767,23.688893880993486,24.91832427863833,6
insights,gpt5.2_long,42.76265937893464,40.45003630863211,68.95633935077021,6
insights,gpt5.2_short,22.249536308063796,22.47727227551237,23.813952780466224,6
insights,modeler,22.852192861763854,22.106799079808674,25.93185579887443,6
role,ALL,31.894198399475943,27.1657929957846,71.05949692002896,24
role,author,28.821826666458435,24.94173149294837,47.12619499537816,6
role,gpt5.2_long,45.28491134020273,43.70603428491272,71.05949692002896,6
role,gpt5.2_short,26.723896835784263,25.155793568292133,38.44753174872468,6
role,modeler,26.746158755458342,24.68774291151535,39.0611531844107,6
summarizer,ALL,84.44725890506548,84.17880626270231,99.2527624524165,18
summarizer,author,85.47709494165257,87.23888727891423,99.2527624524165,6
summarizer,gpt5.2_short,87.2483367936009,87.60701941905509,98.92037066454613,6
summarizer,modeler,80.61634497994298,79.59212301582528,97.61055244433095,6
